2.00,4.10,6.10,13.90,15.90,18.00,18.00
0.00,0.00,0.00,0.00,2.00
0.02,0.00,0.00,0.04,2.00
0.04,0.00,0.00,0.08,2.00
0.06,0.00,0.00,0.12,2.00
0.08,0.00,0.01,0.16,2.00
0.10,0.00,0.01,0.20,2.00
0.12,0.00,0.01,0.24,2.00
0.14,0.00,0.02,0.28,2.00
0.16,0.00,0.03,0.32,2.00
0.18,0.00,0.03,0.36,2.00
0.20,0.00,0.04,0.40,2.00
0.22,0.00,0.05,0.44,2.00
0.24,0.00,0.06,0.48,2.00
0.26,0.01,0.07,0.52,2.00
0.28,0.01,0.08,0.56,2.00
0.30,0.01,0.09,0.60,2.00
0.32,0.01,0.10,0.64,2.00
0.34,0.01,0.12,0.68,2.00
0.36,0.02,0.13,0.72,2.00
0.38,0.02,0.14,0.76,2.00
0.40,0.02,0.16,0.80,2.00
0.42,0.02,0.18,0.84,2.00
0.44,0.03,0.19,0.88,2.00
0.46,0.03,0.21,0.92,2.00
0.48,0.04,0.23,0.96,2.00
0.50,0.04,0.25,1.00,2.00
0.52,0.05,0.27,1.04,2.00
0.54,0.05,0.29,1.08,2.00
0.56,0.06,0.31,1.12,2.00
0.58,0.07,0.34,1.16,2.00
0.60,0.07,0.36,1.20,2.00
0.62,0.08,0.38,1.24,2.00
0.64,0.09,0.41,1.28,2.00
0.66,0.10,0.44,1.32,2.00
0.68,0.10,0.46,1.36,2.00
0.70,0.11,0.49,1.40,2.00
0.72,0.12,0.52,1.44,2.00
0.74,0.14,0.55,1.48,2.00
0.76,0.15,0.58,1.52,2.00
0.78,0.16,0.61,1.56,2.00
0.80,0.17,0.64,1.60,2.00
0.82,0.18,0.67,1.64,2.00
0.84,0.20,0.71,1.68,2.00
0.86,0.21,0.74,1.72,2.00
0.88,0.23,0.77,1.76,2.00
0.90,0.24,0.81,1.80,2.00
0.92,0.26,0.85,1.84,2.00
0.94,0.28,0.88,1.88,2.00
0.96,0.29,0.92,1.92,2.00
0.98,0.31,0.96,1.96,2.00
1.00,0.33,1.00,2.00,2.00
1.02,0.35,1.04,2.04,2.00
1.04,0.37,1.08,2.08,2.00
1.06,0.40,1.12,2.12,2.00
1.08,0.42,1.17,2.16,2.00
1.10,0.44,1.21,2.20,2.00
1.12,0.47,1.25,2.24,2.00
1.14,0.49,1.30,2.28,2.00
1.16,0.52,1.35,2.32,2.00
1.18,0.55,1.39,2.36,2.00
1.20,0.58,1.44,2.40,2.00
1.22,0.61,1.49,2.44,2.00
1.24,0.64,1.54,2.48,2.00
1.26,0.67,1.59,2.52,2.00
1.28,0.70,1.64,2.56,2.00
1.30,0.73,1.69,2.60,2.00
1.32,0.77,1.74,2.64,2.00
1.34,0.80,1.80,2.68,2.00
1.36,0.84,1.85,2.72,2.00
1.38,0.88,1.90,2.76,2.00
1.40,0.91,1.96,2.80,2.00
1.42,0.95,2.02,2.84,2.00
1.44,1.00,2.07,2.88,2.00
1.46,1.04,2.13,2.92,2.00
1.48,1.08,2.19,2.96,2.00
1.50,1.12,2.25,3.00,2.00
1.52,1.17,2.31,3.04,2.00
1.54,1.22,2.37,3.08,2.00
1.56,1.27,2.43,3.12,2.00
1.58,1.31,2.50,3.16,2.00
1.60,1.36,2.56,3.20,2.00
1.62,1.42,2.62,3.24,2.00
1.64,1.47,2.69,3.28,2.00
1.66,1.52,2.76,3.32,2.00
1.68,1.58,2.82,3.36,2.00
1.70,1.64,2.89,3.40,2.00
1.72,1.70,2.96,3.44,2.00
1.74,1.76,3.03,3.48,2.00
1.76,1.82,3.10,3.52,2.00
1.78,1.88,3.17,3.56,2.00
1.80,1.94,3.24,3.60,2.00
1.82,2.01,3.31,3.64,2.00
1.84,2.08,3.38,3.68,2.00
1.86,2.14,3.46,3.72,2.00
1.88,2.21,3.53,3.76,2.00
1.90,2.29,3.61,3.80,2.00
1.92,2.36,3.69,3.84,2.00
1.94,2.43,3.76,3.88,2.00
1.96,2.51,3.84,3.92,2.00
1.98,2.59,3.92,3.96,2.00
2.00,2.67,4.00,4.00,2.00
2.02,-14.13,-0.24,8.16,-2.00
2.04,-14.13,-0.08,8.12,-2.00
2.06,-14.13,0.08,8.08,-2.00
2.08,-14.13,0.24,8.04,-2.00
2.10,-14.13,0.40,8.00,-2.00
2.12,-14.12,0.56,7.96,-2.00
2.14,-14.10,0.72,7.92,-2.00
2.16,-14.09,0.88,7.88,-2.00
2.18,-14.07,1.04,7.84,-2.00
2.20,-14.05,1.19,7.80,-2.00
2.22,-14.02,1.35,7.76,-2.00
2.24,-13.99,1.50,7.72,-2.00
2.26,-13.96,1.66,7.68,-2.00
2.28,-13.93,1.81,7.64,-2.00
2.30,-13.89,1.96,7.60,-2.00
2.32,-13.85,2.11,7.56,-2.00
2.34,-13.80,2.26,7.52,-2.00
2.36,-13.76,2.41,7.48,-2.00
2.38,-13.71,2.56,7.44,-2.00
2.40,-13.65,2.71,7.40,-2.00
2.42,-13.60,2.86,7.36,-2.00
2.44,-13.54,3.01,7.32,-2.00
2.46,-13.48,3.15,7.28,-2.00
2.48,-13.41,3.30,7.24,-2.00
2.50,-13.35,3.44,7.20,-2.00
2.52,-13.28,3.58,7.16,-2.00
2.54,-13.20,3.73,7.12,-2.00
2.56,-13.13,3.87,7.08,-2.00
2.58,-13.05,4.01,7.04,-2.00
2.60,-12.97,4.15,7.00,-2.00
2.62,-12.88,4.29,6.96,-2.00
2.64,-12.79,4.43,6.92,-2.00
2.66,-12.70,4.57,6.88,-2.00
2.68,-12.61,4.70,6.84,-2.00
2.70,-12.52,4.84,6.80,-2.00
2.72,-12.42,4.98,6.76,-2.00
2.74,-12.32,5.11,6.72,-2.00
2.76,-12.21,5.25,6.68,-2.00
2.78,-12.11,5.38,6.64,-2.00
2.80,-12.00,5.51,6.60,-2.00
2.82,-11.89,5.64,6.56,-2.00
2.84,-11.77,5.77,6.52,-2.00
2.86,-11.66,5.90,6.48,-2.00
2.88,-11.54,6.03,6.44,-2.00
2.90,-11.41,6.16,6.40,-2.00
2.92,-11.29,6.29,6.36,-2.00
2.94,-11.16,6.41,6.32,-2.00
2.96,-11.03,6.54,6.28,-2.00
2.98,-10.90,6.67,6.24,-2.00
3.00,-10.77,6.79,6.20,-2.00
3.02,-10.63,6.91,6.16,-2.00
3.04,-10.49,7.04,6.12,-2.00
3.06,-10.35,7.16,6.08,-2.00
3.08,-10.20,7.28,6.04,-2.00
3.10,-10.06,7.40,6.00,-2.00
3.12,-9.91,7.52,5.96,-2.00
3.14,-9.76,7.64,5.92,-2.00
3.16,-9.60,7.76,5.88,-2.00
3.18,-9.45,7.87,5.84,-2.00
3.20,-9.29,7.99,5.80,-2.00
3.22,-9.13,8.11,5.76,-2.00
3.24,-8.96,8.22,5.72,-2.00
3.26,-8.80,8.33,5.68,-2.00
3.28,-8.63,8.45,5.64,-2.00
3.30,-8.46,8.56,5.60,-2.00
3.32,-8.29,8.67,5.56,-2.00
3.34,-8.11,8.78,5.52,-2.00
3.36,-7.94,8.89,5.48,-2.00
3.38,-7.76,9.00,5.44,-2.00
3.40,-7.58,9.11,5.40,-2.00
3.42,-7.39,9.22,5.36,-2.00
3.44,-7.21,9.32,5.32,-2.00
3.46,-7.02,9.43,5.28,-2.00
3.48,-6.83,9.54,5.24,-2.00
3.50,-6.64,9.64,5.20,-2.00
3.52,-6.45,9.74,5.16,-2.00
3.54,-6.25,9.85,5.12,-2.00
3.56,-6.05,9.95,5.08,-2.00
3.58,-5.85,10.05,5.04,-2.00
3.60,-5.65,10.15,5.00,-2.00
3.62,-5.45,10.25,4.96,-2.00
3.64,-5.24,10.35,4.92,-2.00
3.66,-5.03,10.45,4.88,-2.00
3.68,-4.82,10.54,4.84,-2.00
3.70,-4.61,10.64,4.80,-2.00
3.72,-4.40,10.73,4.76,-2.00
3.74,-4.18,10.83,4.72,-2.00
3.76,-3.96,10.92,4.68,-2.00
3.78,-3.74,11.02,4.64,-2.00
3.80,-3.52,11.11,4.60,-2.00
3.82,-3.30,11.20,4.56,-2.00
3.84,-3.08,11.29,4.52,-2.00
3.86,-2.85,11.38,4.48,-2.00
3.88,-2.62,11.47,4.44,-2.00
3.90,-2.39,11.56,4.40,-2.00
3.92,-2.16,11.65,4.36,-2.00
3.94,-1.92,11.73,4.32,-2.00
3.96,-1.69,11.82,4.28,-2.00
3.98,-1.45,11.90,4.24,-2.00
4.00,-1.21,11.99,4.20,-2.00
4.02,-0.97,12.07,4.16,-2.00
4.04,-0.73,12.15,4.12,-2.00
4.06,-0.49,12.24,4.08,-2.00
4.08,-0.24,12.32,4.04,-2.00
4.10,-32.78,16.40,0.00,0.00
4.12,-32.45,16.40,0.00,0.00
4.14,-32.13,16.40,0.00,0.00
4.16,-31.80,16.40,0.00,0.00
4.18,-31.47,16.40,0.00,0.00
4.20,-31.14,16.40,0.00,0.00
4.22,-30.82,16.40,0.00,0.00
4.24,-30.49,16.40,0.00,0.00
4.26,-30.16,16.40,0.00,0.00
4.28,-29.83,16.40,0.00,0.00
4.30,-29.50,16.40,0.00,0.00
4.32,-29.18,16.40,0.00,0.00
4.34,-28.85,16.40,0.00,0.00
4.36,-28.52,16.40,0.00,0.00
4.38,-28.19,16.40,0.00,0.00
4.40,-27.86,16.40,0.00,0.00
4.42,-27.54,16.40,0.00,0.00
4.44,-27.21,16.40,0.00,0.00
4.46,-26.88,16.40,0.00,0.00
4.48,-26.55,16.40,0.00,0.00
4.50,-26.22,16.40,0.00,0.00
4.52,-25.90,16.40,0.00,0.00
4.54,-25.57,16.40,0.00,0.00
4.56,-25.24,16.40,0.00,0.00
4.58,-24.91,16.40,0.00,0.00
4.60,-24.59,16.40,0.00,0.00
4.62,-24.26,16.40,0.00,0.00
4.64,-23.93,16.40,0.00,0.00
4.66,-23.60,16.40,0.00,0.00
4.68,-23.27,16.40,0.00,0.00
4.70,-22.95,16.40,0.00,0.00
4.72,-22.62,16.40,0.00,0.00
4.74,-22.29,16.40,0.00,0.00
4.76,-21.96,16.40,0.00,0.00
4.78,-21.63,16.40,0.00,0.00
4.80,-21.31,16.40,0.00,0.00
4.82,-20.98,16.40,0.00,0.00
4.84,-20.65,16.40,0.00,0.00
4.86,-20.32,16.40,0.00,0.00
4.88,-19.99,16.40,0.00,0.00
4.90,-19.67,16.40,0.00,0.00
4.92,-19.34,16.40,0.00,0.00
4.94,-19.01,16.40,0.00,0.00
4.96,-18.68,16.40,0.00,0.00
4.98,-18.36,16.40,0.00,0.00
5.00,-18.03,16.40,0.00,0.00
5.02,-17.70,16.40,0.00,0.00
5.04,-17.37,16.40,0.00,0.00
5.06,-17.04,16.40,0.00,0.00
5.08,-16.72,16.40,0.00,0.00
5.10,-16.39,16.40,0.00,0.00
5.12,-16.06,16.40,0.00,0.00
5.14,-15.73,16.40,0.00,0.00
5.16,-15.40,16.40,0.00,0.00
5.18,-15.08,16.40,0.00,0.00
5.20,-14.75,16.40,0.00,0.00
5.22,-14.42,16.40,0.00,0.00
5.24,-14.09,16.40,0.00,0.00
5.26,-13.76,16.40,0.00,0.00
5.28,-13.44,16.40,0.00,0.00
5.30,-13.11,16.40,0.00,0.00
5.32,-12.78,16.40,0.00,0.00
5.34,-12.45,16.40,0.00,0.00
5.36,-12.13,16.40,0.00,0.00
5.38,-11.80,16.40,0.00,0.00
5.40,-11.47,16.40,0.00,0.00
5.42,-11.14,16.40,0.00,0.00
5.44,-10.81,16.40,0.00,0.00
5.46,-10.49,16.40,0.00,0.00
5.48,-10.16,16.40,0.00,0.00
5.50,-9.83,16.40,0.00,0.00
5.52,-9.50,16.40,0.00,0.00
5.54,-9.17,16.40,0.00,0.00
5.56,-8.85,16.40,0.00,0.00
5.58,-8.52,16.40,0.00,0.00
5.60,-8.19,16.40,0.00,0.00
5.62,-7.86,16.40,0.00,0.00
5.64,-7.54,16.40,0.00,0.00
5.66,-7.21,16.40,0.00,0.00
5.68,-6.88,16.40,0.00,0.00
5.70,-6.55,16.40,0.00,0.00
5.72,-6.22,16.40,0.00,0.00
5.74,-5.90,16.40,0.00,0.00
5.76,-5.57,16.40,0.00,0.00
5.78,-5.24,16.40,0.00,0.00
5.80,-4.91,16.40,0.00,0.00
5.82,-4.58,16.40,0.00,0.00
5.84,-4.26,16.40,0.00,0.00
5.86,-3.93,16.40,0.00,0.00
5.88,-3.60,16.40,0.00,0.00
5.90,-3.27,16.40,0.00,0.00
5.92,-2.94,16.40,0.00,0.00
5.94,-2.62,16.40,0.00,0.00
5.96,-2.29,16.40,0.00,0.00
5.98,-1.96,16.40,0.00,0.00
6.00,-1.63,16.40,0.00,0.00
6.02,-1.31,16.40,0.00,0.00
6.04,-0.98,16.40,0.00,0.00
6.06,-0.65,16.40,0.00,0.00
6.08,-0.32,16.40,0.00,0.00
6.10,30.28,-44.44,15.60,-2.00
6.12,29.39,-44.13,15.56,-2.00
6.14,28.51,-43.82,15.52,-2.00
6.16,27.64,-43.51,15.48,-2.00
6.18,26.77,-43.20,15.44,-2.00
6.20,25.91,-42.89,15.40,-2.00
6.22,25.06,-42.58,15.36,-2.00
6.24,24.21,-42.27,15.32,-2.00
6.26,23.37,-41.97,15.28,-2.00
6.28,22.53,-41.66,15.24,-2.00
6.30,21.70,-41.36,15.20,-2.00
6.32,20.88,-41.05,15.16,-2.00
6.34,20.06,-40.75,15.12,-2.00
6.36,19.25,-40.45,15.08,-2.00
6.38,18.44,-40.15,15.04,-2.00
6.40,17.64,-39.85,15.00,-2.00
6.42,16.85,-39.55,14.96,-2.00
6.44,16.06,-39.25,14.92,-2.00
6.46,15.28,-38.95,14.88,-2.00
6.48,14.50,-38.66,14.84,-2.00
6.50,13.73,-38.36,14.80,-2.00
6.52,12.97,-38.06,14.76,-2.00
6.54,12.21,-37.77,14.72,-2.00
6.56,11.46,-37.47,14.68,-2.00
6.58,10.71,-37.18,14.64,-2.00
6.60,9.97,-36.89,14.60,-2.00
6.62,9.23,-36.60,14.56,-2.00
6.64,8.50,-36.31,14.52,-2.00
6.66,7.78,-36.02,14.48,-2.00
6.68,7.06,-35.73,14.44,-2.00
6.70,6.35,-35.44,14.40,-2.00
6.72,5.65,-35.15,14.36,-2.00
6.74,4.95,-34.86,14.32,-2.00
6.76,4.25,-34.58,14.28,-2.00
6.78,3.56,-34.29,14.24,-2.00
6.80,2.88,-34.01,14.20,-2.00
6.82,2.20,-33.73,14.16,-2.00
6.84,1.53,-33.44,14.12,-2.00
6.86,0.87,-33.16,14.08,-2.00
6.88,0.21,-32.88,14.04,-2.00
6.90,-0.45,-32.60,14.00,-2.00
6.92,-1.10,-32.32,13.96,-2.00
6.94,-1.74,-32.04,13.92,-2.00
6.96,-2.38,-31.76,13.88,-2.00
6.98,-3.01,-31.49,13.84,-2.00
7.00,-3.64,-31.21,13.80,-2.00
7.02,-4.26,-30.93,13.76,-2.00
7.04,-4.88,-30.66,13.72,-2.00
7.06,-5.49,-30.39,13.68,-2.00
7.08,-6.09,-30.11,13.64,-2.00
7.10,-6.69,-29.84,13.60,-2.00
7.12,-7.29,-29.57,13.56,-2.00
7.14,-7.87,-29.30,13.52,-2.00
7.16,-8.46,-29.03,13.48,-2.00
7.18,-9.04,-28.76,13.44,-2.00
7.20,-9.61,-28.49,13.40,-2.00
7.22,-10.17,-28.22,13.36,-2.00
7.24,-10.74,-27.96,13.32,-2.00
7.26,-11.29,-27.69,13.28,-2.00
7.28,-11.84,-27.42,13.24,-2.00
7.30,-12.39,-27.16,13.20,-2.00
7.32,-12.93,-26.90,13.16,-2.00
7.34,-13.47,-26.63,13.12,-2.00
7.36,-14.00,-26.37,13.08,-2.00
7.38,-14.52,-26.11,13.04,-2.00
7.40,-15.04,-25.85,13.00,-2.00
7.42,-15.55,-25.59,12.96,-2.00
7.44,-16.06,-25.33,12.92,-2.00
7.46,-16.57,-25.07,12.88,-2.00
7.48,-17.07,-24.82,12.84,-2.00
7.50,-17.56,-24.56,12.80,-2.00
7.52,-18.05,-24.31,12.76,-2.00
7.54,-18.53,-24.05,12.72,-2.00
7.56,-19.01,-23.80,12.68,-2.00
7.58,-19.48,-23.54,12.64,-2.00
7.60,-19.95,-23.29,12.60,-2.00
7.62,-20.42,-23.04,12.56,-2.00
7.64,-20.87,-22.79,12.52,-2.00
7.66,-21.33,-22.54,12.48,-2.00
7.68,-21.77,-22.29,12.44,-2.00
7.70,-22.22,-22.04,12.40,-2.00
7.72,-22.66,-21.79,12.36,-2.00
7.74,-23.09,-21.55,12.32,-2.00
7.76,-23.52,-21.30,12.28,-2.00
7.78,-23.94,-21.06,12.24,-2.00
7.80,-24.36,-20.81,12.20,-2.00
7.82,-24.77,-20.57,12.16,-2.00
7.84,-25.18,-20.32,12.12,-2.00
7.86,-25.59,-20.08,12.08,-2.00
7.88,-25.99,-19.84,12.04,-2.00
7.90,-26.38,-19.60,12.00,-2.00
7.92,-26.77,-19.36,11.96,-2.00
7.94,-27.16,-19.12,11.92,-2.00
7.96,-27.54,-18.89,11.88,-2.00
7.98,-27.91,-18.65,11.84,-2.00
8.00,-28.28,-18.41,11.80,-2.00
8.02,-28.65,-18.18,11.76,-2.00
8.04,-29.01,-17.94,11.72,-2.00
8.06,-29.36,-17.71,11.68,-2.00
8.08,-29.72,-17.47,11.64,-2.00
8.10,-30.06,-17.24,11.60,-2.00
8.12,-30.41,-17.01,11.56,-2.00
8.14,-30.74,-16.78,11.52,-2.00
8.16,-31.08,-16.55,11.48,-2.00
8.18,-31.41,-16.32,11.44,-2.00
8.20,-31.73,-16.09,11.40,-2.00
8.22,-32.05,-15.86,11.36,-2.00
8.24,-32.36,-15.64,11.32,-2.00
8.26,-32.67,-15.41,11.28,-2.00
8.28,-32.98,-15.19,11.24,-2.00
8.30,-33.28,-14.96,11.20,-2.00
8.32,-33.58,-14.74,11.16,-2.00
8.34,-33.87,-14.52,11.12,-2.00
8.36,-34.16,-14.29,11.08,-2.00
8.38,-34.44,-14.07,11.04,-2.00
8.40,-34.72,-13.85,11.00,-2.00
8.42,-35.00,-13.63,10.96,-2.00
8.44,-35.27,-13.41,10.92,-2.00
8.46,-35.53,-13.20,10.88,-2.00
8.48,-35.80,-12.98,10.84,-2.00
8.50,-36.05,-12.76,10.80,-2.00
8.52,-36.31,-12.55,10.76,-2.00
8.54,-36.55,-12.33,10.72,-2.00
8.56,-36.80,-12.12,10.68,-2.00
8.58,-37.04,-11.90,10.64,-2.00
8.60,-37.28,-11.69,10.60,-2.00
8.62,-37.51,-11.48,10.56,-2.00
8.64,-37.73,-11.27,10.52,-2.00
8.66,-37.96,-11.06,10.48,-2.00
8.68,-38.18,-10.85,10.44,-2.00
8.70,-38.39,-10.64,10.40,-2.00
8.72,-38.60,-10.44,10.36,-2.00
8.74,-38.81,-10.23,10.32,-2.00
8.76,-39.01,-10.02,10.28,-2.00
8.78,-39.21,-9.82,10.24,-2.00
8.80,-39.40,-9.61,10.20,-2.00
8.82,-39.59,-9.41,10.16,-2.00
8.84,-39.78,-9.21,10.12,-2.00
8.86,-39.96,-9.00,10.08,-2.00
8.88,-40.14,-8.80,10.04,-2.00
8.90,-40.31,-8.60,10.00,-2.00
8.92,-40.48,-8.40,9.96,-2.00
8.94,-40.65,-8.20,9.92,-2.00
8.96,-40.81,-8.01,9.88,-2.00
8.98,-40.97,-7.81,9.84,-2.00
9.00,-41.13,-7.61,9.80,-2.00
9.02,-41.28,-7.42,9.76,-2.00
9.04,-41.42,-7.22,9.72,-2.00
9.06,-41.56,-7.03,9.68,-2.00
9.08,-41.70,-6.84,9.64,-2.00
9.10,-41.84,-6.64,9.60,-2.00
9.12,-41.97,-6.45,9.56,-2.00
9.14,-42.10,-6.26,9.52,-2.00
9.16,-42.22,-6.07,9.48,-2.00
9.18,-42.34,-5.88,9.44,-2.00
9.20,-42.45,-5.69,9.40,-2.00
9.22,-42.57,-5.51,9.36,-2.00
9.24,-42.67,-5.32,9.32,-2.00
9.26,-42.78,-5.13,9.28,-2.00
9.28,-42.88,-4.95,9.24,-2.00
9.30,-42.98,-4.76,9.20,-2.00
9.32,-43.07,-4.58,9.16,-2.00
9.34,-43.16,-4.40,9.12,-2.00
9.36,-43.25,-4.22,9.08,-2.00
9.38,-43.33,-4.03,9.04,-2.00
9.40,-43.41,-3.85,9.00,-2.00
9.42,-43.48,-3.67,8.96,-2.00
9.44,-43.55,-3.50,8.92,-2.00
9.46,-43.62,-3.32,8.88,-2.00
9.48,-43.69,-3.14,8.84,-2.00
9.50,-43.75,-2.96,8.80,-2.00
9.52,-43.81,-2.79,8.76,-2.00
9.54,-43.86,-2.61,8.72,-2.00
9.56,-43.91,-2.44,8.68,-2.00
9.58,-43.96,-2.27,8.64,-2.00
9.60,-44.00,-2.09,8.60,-2.00
9.62,-44.04,-1.92,8.56,-2.00
9.64,-44.08,-1.75,8.52,-2.00
9.66,-44.11,-1.58,8.48,-2.00
9.68,-44.14,-1.41,8.44,-2.00
9.70,-44.17,-1.24,8.40,-2.00
9.72,-44.19,-1.08,8.36,-2.00
9.74,-44.21,-0.91,8.32,-2.00
9.76,-44.23,-0.74,8.28,-2.00
9.78,-44.24,-0.58,8.24,-2.00
9.80,-44.25,-0.41,8.20,-2.00
9.82,-44.26,-0.25,8.16,-2.00
9.84,-44.26,-0.09,8.12,-2.00
9.86,-44.26,0.07,8.08,-2.00
9.88,-44.26,0.24,8.04,-2.00
9.90,-44.25,0.40,8.00,-2.00
9.92,-44.24,0.56,7.96,-2.00
9.94,-44.23,0.71,7.92,-2.00
9.96,-44.21,0.87,7.88,-2.00
9.98,-44.19,1.03,7.84,-2.00
10.00,-44.17,1.19,7.80,-2.00
10.02,-44.15,1.34,7.76,-2.00
10.04,-44.12,1.50,7.72,-2.00
10.06,-44.09,1.65,7.68,-2.00
10.08,-44.05,1.80,7.64,-2.00
10.10,-44.01,1.96,7.60,-2.00
10.12,-43.97,2.11,7.56,-2.00
10.14,-43.93,2.26,7.52,-2.00
10.16,-43.88,2.41,7.48,-2.00
10.18,-43.83,2.56,7.44,-2.00
10.20,-43.78,2.71,7.40,-2.00
10.22,-43.73,2.85,7.36,-2.00
10.24,-43.67,3.00,7.32,-2.00
10.26,-43.61,3.15,7.28,-2.00
10.28,-43.54,3.29,7.24,-2.00
10.30,-43.47,3.44,7.20,-2.00
10.32,-43.40,3.58,7.16,-2.00
10.34,-43.33,3.72,7.12,-2.00
10.36,-43.26,3.86,7.08,-2.00
10.38,-43.18,4.01,7.04,-2.00
10.40,-43.09,4.15,7.00,-2.00
10.42,-43.01,4.29,6.96,-2.00
10.44,-42.92,4.42,6.92,-2.00
10.46,-42.83,4.56,6.88,-2.00
10.48,-42.74,4.70,6.84,-2.00
10.50,-42.65,4.84,6.80,-2.00
10.52,-42.55,4.97,6.76,-2.00
10.54,-42.45,5.11,6.72,-2.00
10.56,-42.34,5.24,6.68,-2.00
10.58,-42.24,5.37,6.64,-2.00
10.60,-42.13,5.51,6.60,-2.00
10.62,-42.02,5.64,6.56,-2.00
10.64,-41.90,5.77,6.52,-2.00
10.66,-41.79,5.90,6.48,-2.00
10.68,-41.67,6.03,6.44,-2.00
10.70,-41.55,6.16,6.40,-2.00
10.72,-41.42,6.28,6.36,-2.00
10.74,-41.29,6.41,6.32,-2.00
10.76,-41.16,6.54,6.28,-2.00
10.78,-41.03,6.66,6.24,-2.00
10.80,-40.90,6.79,6.20,-2.00
10.82,-40.76,6.91,6.16,-2.00
10.84,-40.62,7.03,6.12,-2.00
10.86,-40.48,7.15,6.08,-2.00
10.88,-40.34,7.27,6.04,-2.00
10.90,-40.19,7.40,6.00,-2.00
10.92,-40.04,7.51,5.96,-2.00
10.94,-39.89,7.63,5.92,-2.00
10.96,-39.73,7.75,5.88,-2.00
10.98,-39.58,7.87,5.84,-2.00
11.00,-39.42,7.99,5.80,-2.00
11.02,-39.26,8.10,5.76,-2.00
11.04,-39.10,8.22,5.72,-2.00
11.06,-38.93,8.33,5.68,-2.00
11.08,-38.76,8.44,5.64,-2.00
11.10,-38.59,8.56,5.60,-2.00
11.12,-38.42,8.67,5.56,-2.00
11.14,-38.25,8.78,5.52,-2.00
11.16,-38.07,8.89,5.48,-2.00
11.18,-37.89,9.00,5.44,-2.00
11.20,-37.71,9.11,5.40,-2.00
11.22,-37.53,9.21,5.36,-2.00
11.24,-37.34,9.32,5.32,-2.00
11.26,-37.15,9.43,5.28,-2.00
11.28,-36.96,9.53,5.24,-2.00
11.30,-36.77,9.64,5.20,-2.00
11.32,-36.58,9.74,5.16,-2.00
11.34,-36.38,9.84,5.12,-2.00
11.36,-36.19,9.94,5.08,-2.00
11.38,-35.99,10.04,5.04,-2.00
11.40,-35.78,10.15,5.00,-2.00
11.42,-35.58,10.24,4.96,-2.00
11.44,-35.37,10.34,4.92,-2.00
11.46,-35.17,10.44,4.88,-2.00
11.48,-34.96,10.54,4.84,-2.00
11.50,-34.74,10.64,4.80,-2.00
11.52,-34.53,10.73,4.76,-2.00
11.54,-34.32,10.83,4.72,-2.00
11.56,-34.10,10.92,4.68,-2.00
11.58,-33.88,11.01,4.64,-2.00
11.60,-33.66,11.11,4.60,-2.00
11.62,-33.43,11.20,4.56,-2.00
11.64,-33.21,11.29,4.52,-2.00
11.66,-32.98,11.38,4.48,-2.00
11.68,-32.75,11.47,4.44,-2.00
11.70,-32.52,11.56,4.40,-2.00
11.72,-32.29,11.64,4.36,-2.00
11.74,-32.06,11.73,4.32,-2.00
11.76,-31.82,11.82,4.28,-2.00
11.78,-31.59,11.90,4.24,-2.00
11.80,-31.35,11.99,4.20,-2.00
11.82,-31.11,12.07,4.16,-2.00
11.84,-30.87,12.15,4.12,-2.00
11.86,-30.62,12.23,4.08,-2.00
11.88,-30.38,12.31,4.04,-2.00
11.90,-30.13,12.40,4.00,-2.00
11.92,-29.88,12.47,3.96,-2.00
11.94,-29.63,12.55,3.92,-2.00
11.96,-29.38,12.63,3.88,-2.00
11.98,-29.12,12.71,3.84,-2.00
12.00,-28.87,12.79,3.80,-2.00
12.02,-28.61,12.86,3.76,-2.00
12.04,-28.36,12.94,3.72,-2.00
12.06,-28.10,13.01,3.68,-2.00
12.08,-27.84,13.08,3.64,-2.00
12.10,-27.57,13.16,3.60,-2.00
12.12,-27.31,13.23,3.56,-2.00
12.14,-27.04,13.30,3.52,-2.00
12.16,-26.78,13.37,3.48,-2.00
12.18,-26.51,13.44,3.44,-2.00
12.20,-26.24,13.51,3.40,-2.00
12.22,-25.97,13.57,3.36,-2.00
12.24,-25.70,13.64,3.32,-2.00
12.26,-25.42,13.71,3.28,-2.00
12.28,-25.15,13.77,3.24,-2.00
12.30,-24.87,13.84,3.20,-2.00
12.32,-24.60,13.90,3.16,-2.00
12.34,-24.32,13.96,3.12,-2.00
12.36,-24.04,14.02,3.08,-2.00
12.38,-23.76,14.08,3.04,-2.00
12.40,-23.47,14.15,3.00,-2.00
12.42,-23.19,14.20,2.96,-2.00
12.44,-22.91,14.26,2.92,-2.00
12.46,-22.62,14.32,2.88,-2.00
12.48,-22.33,14.38,2.84,-2.00
12.50,-22.04,14.44,2.80,-2.00
12.52,-21.76,14.49,2.76,-2.00
12.54,-21.47,14.55,2.72,-2.00
12.56,-21.17,14.60,2.68,-2.00
12.58,-20.88,14.65,2.64,-2.00
12.60,-20.59,14.71,2.60,-2.00
12.62,-20.29,14.76,2.56,-2.00
12.64,-20.00,14.81,2.52,-2.00
12.66,-19.70,14.86,2.48,-2.00
12.68,-19.40,14.91,2.44,-2.00
12.70,-19.10,14.96,2.40,-2.00
12.72,-18.81,15.00,2.36,-2.00
12.74,-18.50,15.05,2.32,-2.00
12.76,-18.20,15.10,2.28,-2.00
12.78,-17.90,15.14,2.24,-2.00
12.80,-17.60,15.19,2.20,-2.00
12.82,-17.29,15.23,2.16,-2.00
12.84,-16.99,15.27,2.12,-2.00
12.86,-16.68,15.31,2.08,-2.00
12.88,-16.38,15.35,2.04,-2.00
12.90,-16.07,15.40,2.00,-2.00
12.92,-15.76,15.43,1.96,-2.00
12.94,-15.45,15.47,1.92,-2.00
12.96,-15.14,15.51,1.88,-2.00
12.98,-14.83,15.55,1.84,-2.00
13.00,-14.52,15.59,1.80,-2.00
13.02,-14.21,15.62,1.76,-2.00
13.04,-13.89,15.66,1.72,-2.00
13.06,-13.58,15.69,1.68,-2.00
13.08,-13.27,15.72,1.64,-2.00
13.10,-12.95,15.76,1.60,-2.00
13.12,-12.64,15.79,1.56,-2.00
13.14,-12.32,15.82,1.52,-2.00
13.16,-12.00,15.85,1.48,-2.00
13.18,-11.69,15.88,1.44,-2.00
13.20,-11.37,15.91,1.40,-2.00
13.22,-11.05,15.93,1.36,-2.00
13.24,-10.73,15.96,1.32,-2.00
13.26,-10.41,15.99,1.28,-2.00
13.28,-10.09,16.01,1.24,-2.00
13.30,-9.77,16.04,1.20,-2.00
13.32,-9.45,16.06,1.16,-2.00
13.34,-9.13,16.08,1.12,-2.00
13.36,-8.81,16.10,1.08,-2.00
13.38,-8.49,16.13,1.04,-2.00
13.40,-8.16,16.15,1.00,-2.00
13.42,-7.84,16.17,0.96,-2.00
13.44,-7.52,16.18,0.92,-2.00
13.46,-7.19,16.20,0.88,-2.00
13.48,-6.87,16.22,0.84,-2.00
13.50,-6.54,16.24,0.80,-2.00
13.52,-6.22,16.25,0.76,-2.00
13.54,-5.89,16.27,0.72,-2.00
13.56,-5.57,16.28,0.68,-2.00
13.58,-5.24,16.29,0.64,-2.00
13.60,-4.92,16.31,0.60,-2.00
13.62,-4.59,16.32,0.56,-2.00
13.64,-4.26,16.33,0.52,-2.00
13.66,-3.94,16.34,0.48,-2.00
13.68,-3.61,16.35,0.44,-2.00
13.70,-3.28,16.36,0.40,-2.00
13.72,-2.96,16.36,0.36,-2.00
13.74,-2.63,16.37,0.32,-2.00
13.76,-2.30,16.38,0.28,-2.00
13.78,-1.97,16.38,0.24,-2.00
13.80,-1.65,16.39,0.20,-2.00
13.82,-1.32,16.39,0.16,-2.00
13.84,-0.99,16.39,0.12,-2.00
13.86,-0.66,16.39,0.08,-2.00
13.88,-0.34,16.40,0.04,-2.00
13.90,-0.01,16.40,0.00,-2.00
13.92,-48.24,28.32,-4.00,0.00
13.94,-47.67,28.24,-4.00,0.00
13.96,-47.11,28.16,-4.00,0.00
13.98,-46.55,28.08,-4.00,0.00
14.00,-45.99,28.00,-4.00,0.00
14.02,-45.43,27.92,-4.00,0.00
14.04,-44.87,27.84,-4.00,0.00
14.06,-44.31,27.76,-4.00,0.00
14.08,-43.76,27.68,-4.00,0.00
14.10,-43.21,27.60,-4.00,0.00
14.12,-42.66,27.52,-4.00,0.00
14.14,-42.11,27.44,-4.00,0.00
14.16,-41.56,27.36,-4.00,0.00
14.18,-41.01,27.28,-4.00,0.00
14.20,-40.47,27.20,-4.00,0.00
14.22,-39.92,27.12,-4.00,0.00
14.24,-39.38,27.04,-4.00,0.00
14.26,-38.84,26.96,-4.00,0.00
14.28,-38.31,26.88,-4.00,0.00
14.30,-37.77,26.80,-4.00,0.00
14.32,-37.23,26.72,-4.00,0.00
14.34,-36.70,26.64,-4.00,0.00
14.36,-36.17,26.56,-4.00,0.00
14.38,-35.64,26.48,-4.00,0.00
14.40,-35.11,26.40,-4.00,0.00
14.42,-34.58,26.32,-4.00,0.00
14.44,-34.06,26.24,-4.00,0.00
14.46,-33.53,26.16,-4.00,0.00
14.48,-33.01,26.08,-4.00,0.00
14.50,-32.49,26.00,-4.00,0.00
14.52,-31.97,25.92,-4.00,0.00
14.54,-31.45,25.84,-4.00,0.00
14.56,-30.94,25.76,-4.00,0.00
14.58,-30.42,25.68,-4.00,0.00
14.60,-29.91,25.60,-4.00,0.00
14.62,-29.40,25.52,-4.00,0.00
14.64,-28.89,25.44,-4.00,0.00
14.66,-28.38,25.36,-4.00,0.00
14.68,-27.88,25.28,-4.00,0.00
14.70,-27.37,25.20,-4.00,0.00
14.72,-26.87,25.12,-4.00,0.00
14.74,-26.37,25.04,-4.00,0.00
14.76,-25.87,24.96,-4.00,0.00
14.78,-25.37,24.88,-4.00,0.00
14.80,-24.87,24.80,-4.00,0.00
14.82,-24.38,24.72,-4.00,0.00
14.84,-23.88,24.64,-4.00,0.00
14.86,-23.39,24.56,-4.00,0.00
14.88,-22.90,24.48,-4.00,0.00
14.90,-22.41,24.40,-4.00,0.00
14.92,-21.92,24.32,-4.00,0.00
14.94,-21.44,24.24,-4.00,0.00
14.96,-20.95,24.16,-4.00,0.00
14.98,-20.47,24.08,-4.00,0.00
15.00,-19.99,24.00,-4.00,0.00
15.02,-19.51,23.92,-4.00,0.00
15.04,-19.04,23.84,-4.00,0.00
15.06,-18.56,23.76,-4.00,0.00
15.08,-18.08,23.68,-4.00,0.00
15.10,-17.61,23.60,-4.00,0.00
15.12,-17.14,23.52,-4.00,0.00
15.14,-16.67,23.44,-4.00,0.00
15.16,-16.20,23.36,-4.00,0.00
15.18,-15.74,23.28,-4.00,0.00
15.20,-15.27,23.20,-4.00,0.00
15.22,-14.81,23.12,-4.00,0.00
15.24,-14.35,23.04,-4.00,0.00
15.26,-13.89,22.96,-4.00,0.00
15.28,-13.43,22.88,-4.00,0.00
15.30,-12.97,22.80,-4.00,0.00
15.32,-12.52,22.72,-4.00,0.00
15.34,-12.06,22.64,-4.00,0.00
15.36,-11.61,22.56,-4.00,0.00
15.38,-11.16,22.48,-4.00,0.00
15.40,-10.71,22.40,-4.00,0.00
15.42,-10.27,22.32,-4.00,0.00
15.44,-9.82,22.24,-4.00,0.00
15.46,-9.38,22.16,-4.00,0.00
15.48,-8.93,22.08,-4.00,0.00
15.50,-8.49,22.00,-4.00,0.00
15.52,-8.05,21.92,-4.00,0.00
15.54,-7.62,21.84,-4.00,0.00
15.56,-7.18,21.76,-4.00,0.00
15.58,-6.75,21.68,-4.00,0.00
15.60,-6.31,21.60,-4.00,0.00
15.62,-5.88,21.52,-4.00,0.00
15.64,-5.45,21.44,-4.00,0.00
15.66,-5.03,21.36,-4.00,0.00
15.68,-4.60,21.28,-4.00,0.00
15.70,-4.17,21.20,-4.00,0.00
15.72,-3.75,21.12,-4.00,0.00
15.74,-3.33,21.04,-4.00,0.00
15.76,-2.91,20.96,-4.00,0.00
15.78,-2.49,20.88,-4.00,0.00
15.80,-2.07,20.80,-4.00,0.00
15.82,-1.66,20.72,-4.00,0.00
15.84,-1.25,20.64,-4.00,0.00
15.86,-0.83,20.56,-4.00,0.00
15.88,-0.42,20.48,-4.00,0.00
15.90,-0.02,20.40,-4.00,0.00
15.92,-54.07,33.04,-8.16,2.00
15.94,-53.41,32.88,-8.12,2.00
15.96,-52.75,32.72,-8.08,2.00
15.98,-52.10,32.55,-8.04,2.00
16.00,-51.45,32.39,-8.00,2.00
16.02,-50.81,32.23,-7.96,2.00
16.04,-50.16,32.08,-7.92,2.00
16.06,-49.52,31.92,-7.88,2.00
16.08,-48.89,31.76,-7.84,2.00
16.10,-48.25,31.60,-7.80,2.00
16.12,-47.62,31.45,-7.76,2.00
16.14,-46.99,31.29,-7.72,2.00
16.16,-46.37,31.14,-7.68,2.00
16.18,-45.75,30.99,-7.64,2.00
16.20,-45.13,30.83,-7.60,2.00
16.22,-44.52,30.68,-7.56,2.00
16.24,-43.90,30.53,-7.52,2.00
16.26,-43.29,30.38,-7.48,2.00
16.28,-42.69,30.23,-7.44,2.00
16.30,-42.08,30.08,-7.40,2.00
16.32,-41.48,29.94,-7.36,2.00
16.34,-40.89,29.79,-7.32,2.00
16.36,-40.29,29.64,-7.28,2.00
16.38,-39.70,29.50,-7.24,2.00
16.40,-39.11,29.35,-7.20,2.00
16.42,-38.53,29.21,-7.16,2.00
16.44,-37.94,29.07,-7.12,2.00
16.46,-37.36,28.93,-7.08,2.00
16.48,-36.79,28.79,-7.04,2.00
16.50,-36.21,28.64,-7.00,2.00
16.52,-35.64,28.51,-6.96,2.00
16.54,-35.07,28.37,-6.92,2.00
16.56,-34.51,28.23,-6.88,2.00
16.58,-33.94,28.09,-6.84,2.00
16.60,-33.38,27.95,-6.80,2.00
16.62,-32.83,27.82,-6.76,2.00
16.64,-32.27,27.68,-6.72,2.00
16.66,-31.72,27.55,-6.68,2.00
16.68,-31.17,27.42,-6.64,2.00
16.70,-30.62,27.28,-6.60,2.00
16.72,-30.08,27.15,-6.56,2.00
16.74,-29.54,27.02,-6.52,2.00
16.76,-29.00,26.89,-6.48,2.00
16.78,-28.46,26.76,-6.44,2.00
16.80,-27.93,26.63,-6.40,2.00
16.82,-27.40,26.51,-6.36,2.00
16.84,-26.87,26.38,-6.32,2.00
16.86,-26.34,26.25,-6.28,2.00
16.88,-25.82,26.13,-6.24,2.00
16.90,-25.30,26.01,-6.20,2.00
16.92,-24.78,25.88,-6.16,2.00
16.94,-24.26,25.76,-6.12,2.00
16.96,-23.75,25.64,-6.08,2.00
16.98,-23.23,25.52,-6.04,2.00
17.00,-22.73,25.40,-6.00,2.00
17.02,-22.22,25.28,-5.96,2.00
17.04,-21.71,25.16,-5.92,2.00
17.06,-21.21,25.04,-5.88,2.00
17.08,-20.71,24.92,-5.84,2.00
17.10,-20.22,24.81,-5.80,2.00
17.12,-19.72,24.69,-5.76,2.00
17.14,-19.23,24.57,-5.72,2.00
17.16,-18.74,24.46,-5.68,2.00
17.18,-18.25,24.35,-5.64,2.00
17.20,-17.76,24.24,-5.60,2.00
17.22,-17.28,24.12,-5.56,2.00
17.24,-16.80,24.01,-5.52,2.00
17.26,-16.32,23.90,-5.48,2.00
17.28,-15.84,23.79,-5.44,2.00
17.30,-15.37,23.69,-5.40,2.00
17.32,-14.90,23.58,-5.36,2.00
17.34,-14.43,23.47,-5.32,2.00
17.36,-13.96,23.36,-5.28,2.00
17.38,-13.49,23.26,-5.24,2.00
17.40,-13.03,23.16,-5.20,2.00
17.42,-12.56,23.05,-5.16,2.00
17.44,-12.10,22.95,-5.12,2.00
17.46,-11.65,22.85,-5.08,2.00
17.48,-11.19,22.75,-5.04,2.00
17.50,-10.74,22.65,-5.00,2.00
17.52,-10.29,22.55,-4.96,2.00
17.54,-9.84,22.45,-4.92,2.00
17.56,-9.39,22.35,-4.88,2.00
17.58,-8.94,22.25,-4.84,2.00
17.60,-8.50,22.16,-4.80,2.00
17.62,-8.06,22.06,-4.76,2.00
17.64,-7.61,21.97,-4.72,2.00
17.66,-7.18,21.87,-4.68,2.00
17.68,-6.74,21.78,-4.64,2.00
17.70,-6.31,21.69,-4.60,2.00
17.72,-5.87,21.59,-4.56,2.00
17.74,-5.44,21.50,-4.52,2.00
17.76,-5.01,21.41,-4.48,2.00
17.78,-4.59,21.32,-4.44,2.00
17.80,-4.16,21.24,-4.40,2.00
17.82,-3.74,21.15,-4.36,2.00
17.84,-3.31,21.06,-4.32,2.00
17.86,-2.89,20.98,-4.28,2.00
17.88,-2.48,20.89,-4.24,2.00
17.90,-2.06,20.81,-4.20,2.00
17.92,-1.64,20.72,-4.16,2.00
17.94,-1.23,20.64,-4.12,2.00
17.96,-0.82,20.56,-4.08,2.00
17.98,-0.41,20.48,-4.04,2.00
18.00,0.00,20.40,-4.00,2.00
18.02,0.41,20.32,-3.96,2.00
18.04,0.81,20.24,-3.92,2.00
18.06,1.22,20.16,-3.88,2.00
18.08,1.62,20.08,-3.84,2.00
18.10,2.02,20.01,-3.80,2.00
18.12,2.42,19.93,-3.76,2.00
18.14,2.82,19.86,-3.72,2.00
18.16,3.21,19.78,-3.68,2.00
18.18,3.61,19.71,-3.64,2.00
18.20,4.00,19.64,-3.60,2.00
18.22,4.40,19.56,-3.56,2.00
18.24,4.79,19.49,-3.52,2.00
18.26,5.17,19.42,-3.48,2.00
18.28,5.56,19.35,-3.44,2.00
18.30,5.95,19.29,-3.40,2.00
18.32,6.33,19.22,-3.36,2.00
18.34,6.72,19.15,-3.32,2.00
18.36,7.10,19.09,-3.28,2.00
18.38,7.48,19.02,-3.24,2.00
18.40,7.86,18.96,-3.20,2.00
18.42,8.24,18.89,-3.16,2.00
18.44,8.62,18.83,-3.12,2.00
18.46,8.99,18.77,-3.08,2.00
18.48,9.37,18.71,-3.04,2.00
18.50,9.74,18.65,-3.00,2.00
18.52,10.11,18.59,-2.96,2.00
18.54,10.48,18.53,-2.92,2.00
18.56,10.85,18.47,-2.88,2.00
18.58,11.22,18.41,-2.84,2.00
18.60,11.59,18.36,-2.80,2.00
18.62,11.96,18.30,-2.76,2.00
18.64,12.32,18.25,-2.72,2.00
18.66,12.69,18.19,-2.68,2.00
18.68,13.05,18.14,-2.64,2.00
18.70,13.41,18.09,-2.60,2.00
18.72,13.77,18.03,-2.56,2.00
18.74,14.13,17.98,-2.52,2.00
18.76,14.49,17.93,-2.48,2.00
18.78,14.85,17.88,-2.44,2.00
18.80,15.21,17.84,-2.40,2.00
18.82,15.56,17.79,-2.36,2.00
18.84,15.92,17.74,-2.32,2.00
18.86,16.27,17.70,-2.28,2.00
18.88,16.63,17.65,-2.24,2.00
18.90,16.98,17.61,-2.20,2.00
18.92,17.33,17.56,-2.16,2.00
18.94,17.68,17.52,-2.12,2.00
18.96,18.03,17.48,-2.08,2.00
18.98,18.38,17.44,-2.04,2.00
19.00,18.73,17.40,-2.00,2.00
19.02,19.08,17.36,-1.96,2.00
19.04,19.42,17.32,-1.92,2.00
19.06,19.77,17.28,-1.88,2.00
19.08,20.11,17.24,-1.84,2.00
19.10,20.46,17.21,-1.80,2.00
19.12,20.80,17.17,-1.76,2.00
19.14,21.15,17.14,-1.72,2.00
19.16,21.49,17.10,-1.68,2.00
19.18,21.83,17.07,-1.64,2.00
19.20,22.17,17.04,-1.60,2.00
19.22,22.51,17.00,-1.56,2.00
19.24,22.85,16.97,-1.52,2.00
19.26,23.19,16.94,-1.48,2.00
19.28,23.53,16.91,-1.44,2.00
19.30,23.87,16.89,-1.40,2.00
19.32,24.20,16.86,-1.36,2.00
19.34,24.54,16.83,-1.32,2.00
19.36,24.88,16.81,-1.28,2.00
19.38,25.21,16.78,-1.24,2.00
19.40,25.55,16.76,-1.20,2.00
19.42,25.88,16.73,-1.16,2.00
19.44,26.22,16.71,-1.12,2.00
19.46,26.55,16.69,-1.08,2.00
19.48,26.89,16.67,-1.04,2.00
19.50,27.22,16.65,-1.00,2.00
19.52,27.55,16.63,-0.96,2.00
19.54,27.88,16.61,-0.92,2.00
19.56,28.22,16.59,-0.88,2.00
19.58,28.55,16.57,-0.84,2.00
19.60,28.88,16.56,-0.80,2.00
19.62,29.21,16.54,-0.76,2.00
19.64,29.54,16.53,-0.72,2.00
19.66,29.87,16.51,-0.68,2.00
19.68,30.20,16.50,-0.64,2.00
19.70,30.53,16.49,-0.60,2.00
19.72,30.86,16.47,-0.56,2.00
19.74,31.19,16.46,-0.52,2.00
19.76,31.52,16.45,-0.48,2.00
19.78,31.85,16.44,-0.44,2.00
19.80,32.18,16.44,-0.40,2.00
19.82,32.50,16.43,-0.36,2.00
19.84,32.83,16.42,-0.32,2.00
19.86,33.16,16.42,-0.28,2.00
19.88,33.49,16.41,-0.24,2.00
19.90,33.82,16.41,-0.20,2.00
19.92,34.15,16.40,-0.16,2.00
19.94,34.47,16.40,-0.12,2.00
19.96,34.80,16.40,-0.08,2.00
19.98,35.13,16.40,-0.04,2.00
20.00,35.46,16.40,-0.00,2.00
